เดือน,ยี่ห้อ,แบบรถ,จำนวน
2026-01,Aion,Aion Y Plus,309
2026-02,Aion,Aion Y Plus,678
2026-03,Aion,Aion Y Plus,374
2026-04,Aion,Aion Y Plus,471
2026-05,Aion,Aion Y Plus,442
2026-06,Aion,Aion Y Plus,453
2026-07,Aion,Aion Y Plus,494
2026-08,Aion,Aion Y Plus,436
2026-09,Aion,Aion Y Plus,589
2026-10,Aion,Aion Y Plus,392
2026-11,Aion,Aion Y Plus,476
2026-12,Aion,Aion Y Plus,402
2026-01,Aion,Aion ES,101
2026-02,Aion,Aion ES,234
2026-03,Aion,Aion ES,193
2026-04,Aion,Aion ES,242
2026-05,Aion,Aion ES,280
2026-06,Aion,Aion ES,249
2026-07,Aion,Aion ES,250
2026-08,Aion,Aion ES,184
2026-09,Aion,Aion ES,215
2026-10,Aion,Aion ES,266
2026-11,Aion,Aion ES,171
2026-12,Aion,Aion ES,385
2026-01,Aion,Aion V,195
2026-02,Aion,Aion V,213
2026-03,Aion,Aion V,154
2026-04,Aion,Aion V,383
2026-05,Aion,Aion V,198
2026-06,Aion,Aion V,304
2026-07,Aion,Aion V,193
2026-08,Aion,Aion V,232
2026-09,Aion,Aion V,275
2026-10,Aion,Aion V,344
2026-11,Aion,Aion V,312
2026-12,Aion,Aion V,208
2026-01,Audi,Q3,193
2026-02,Audi,Q3,205
2026-03,Audi,Q3,157
2026-04,Audi,Q3,371
2026-05,Audi,Q3,219
2026-06,Audi,Q3,163
2026-07,Audi,Q3,258
2026-08,Audi,Q3,208
2026-09,Audi,Q3,281
2026-10,Audi,Q3,259
2026-11,Audi,Q3,233
2026-12,Audi,Q3,361
2026-01,Audi,Q5,68
2026-02,Audi,Q5,133
2026-03,Audi,Q5,130
2026-04,Audi,Q5,132
2026-05,Audi,Q5,41
2026-06,Audi,Q5,104
2026-07,Audi,Q5,107
2026-08,Audi,Q5,96
2026-09,Audi,Q5,53
2026-10,Audi,Q5,89
2026-11,Audi,Q5,127
2026-12,Audi,Q5,100
2026-01,BMW,3 Series,100
2026-02,BMW,3 Series,92
2026-03,BMW,3 Series,75
2026-04,BMW,3 Series,60
2026-05,BMW,3 Series,91
2026-06,BMW,3 Series,132
2026-07,BMW,3 Series,35
2026-08,BMW,3 Series,86
2026-09,BMW,3 Series,106
2026-10,BMW,3 Series,73
2026-11,BMW,3 Series,102
2026-12,BMW,3 Series,79
2026-01,BMW,5 Series,16
2026-02,BMW,5 Series,38
2026-03,BMW,5 Series,30
2026-04,BMW,5 Series,12
2026-05,BMW,5 Series,27
2026-06,BMW,5 Series,35
2026-07,BMW,5 Series,40
2026-08,BMW,5 Series,37
2026-09,BMW,5 Series,57
2026-10,BMW,5 Series,46
2026-11,BMW,5 Series,35
2026-12,BMW,5 Series,35
2026-01,BMW,X1,101
2026-02,BMW,X1,209
2026-03,BMW,X1,209
2026-04,BMW,X1,180
2026-05,BMW,X1,277
2026-06,BMW,X1,105
2026-07,BMW,X1,220
2026-08,BMW,X1,166
2026-09,BMW,X1,206
2026-10,BMW,X1,183
2026-11,BMW,X1,165
2026-12,BMW,X1,277
2026-01,BMW,X3,104
2026-02,BMW,X3,101
2026-03,BMW,X3,88
2026-04,BMW,X3,160
2026-05,BMW,X3,101
2026-06,BMW,X3,101
2026-07,BMW,X3,80
2026-08,BMW,X3,182
2026-09,BMW,X3,119
2026-10,BMW,X3,107
2026-11,BMW,X3,131
2026-12,BMW,X3,94
2026-01,BMW,iX3,149
2026-02,BMW,iX3,90
2026-03,BMW,iX3,95
2026-04,BMW,iX3,114
2026-05,BMW,iX3,58
2026-06,BMW,iX3,105
2026-07,BMW,iX3,59
2026-08,BMW,iX3,143
2026-09,BMW,iX3,111
2026-10,BMW,iX3,170
2026-11,BMW,iX3,117
2026-12,BMW,iX3,101
2026-01,BMW,i4,104
2026-02,BMW,i4,118
2026-03,BMW,i4,108
2026-04,BMW,i4,103
2026-05,BMW,i4,75
2026-06,BMW,i4,102
2026-07,BMW,i4,91
2026-08,BMW,i4,67
2026-09,BMW,i4,99
2026-10,BMW,i4,134
2026-11,BMW,i4,149
2026-12,BMW,i4,125
2026-01,BYD,Atto 3,2217
2026-02,BYD,Atto 3,1235
2026-03,BYD,Atto 3,1554
2026-04,BYD,Atto 3,1703
2026-05,BYD,Atto 3,1700
2026-06,BYD,Atto 3,499
2026-07,BYD,Atto 3,1476
2026-08,BYD,Atto 3,1523
2026-09,BYD,Atto 3,1872
2026-10,BYD,Atto 3,1608
2026-11,BYD,Atto 3,1602
2026-12,BYD,Atto 3,2170
2026-01,BYD,Dolphin,1330
2026-02,BYD,Dolphin,1531
2026-03,BYD,Dolphin,1948
2026-04,BYD,Dolphin,2636
2026-05,BYD,Dolphin,1264
2026-06,BYD,Dolphin,1773
2026-07,BYD,Dolphin,1571
2026-08,BYD,Dolphin,1835
2026-09,BYD,Dolphin,2279
2026-10,BYD,Dolphin,2454
2026-11,BYD,Dolphin,1905
2026-12,BYD,Dolphin,1592
2026-01,BYD,Seal,436
2026-02,BYD,Seal,497
2026-03,BYD,Seal,374
2026-04,BYD,Seal,414
2026-05,BYD,Seal,441
2026-06,BYD,Seal,382
2026-07,BYD,Seal,562
2026-08,BYD,Seal,396
2026-09,BYD,Seal,486
2026-10,BYD,Seal,363
2026-11,BYD,Seal,398
2026-12,BYD,Seal,365
2026-01,BYD,Sealion 6 DM-i,658
2026-02,BYD,Sealion 6 DM-i,838
2026-03,BYD,Sealion 6 DM-i,795
2026-04,BYD,Sealion 6 DM-i,478
2026-05,BYD,Sealion 6 DM-i,1257
2026-06,BYD,Sealion 6 DM-i,1002
2026-07,BYD,Sealion 6 DM-i,1099
2026-08,BYD,Sealion 6 DM-i,876
2026-09,BYD,Sealion 6 DM-i,844
2026-10,BYD,Sealion 6 DM-i,923
2026-11,BYD,Sealion 6 DM-i,1205
2026-12,BYD,Sealion 6 DM-i,827
2026-01,BYD,Sealion 7,331
2026-02,BYD,Sealion 7,546
2026-03,BYD,Sealion 7,291
2026-04,BYD,Sealion 7,302
2026-05,BYD,Sealion 7,466
2026-06,BYD,Sealion 7,527
2026-07,BYD,Sealion 7,377
2026-08,BYD,Sealion 7,455
2026-09,BYD,Sealion 7,600
2026-10,BYD,Sealion 7,372
2026-11,BYD,Sealion 7,270
2026-12,BYD,Sealion 7,536
2026-01,BYD,BYD M6,1474
2026-02,BYD,BYD M6,1150
2026-03,BYD,BYD M6,801
2026-04,BYD,BYD M6,369
2026-05,BYD,BYD M6,1337
2026-06,BYD,BYD M6,892
2026-07,BYD,BYD M6,826
2026-08,BYD,BYD M6,612
2026-09,BYD,BYD M6,1082
2026-10,BYD,BYD M6,979
2026-11,BYD,BYD M6,730
2026-12,BYD,BYD M6,1146
2026-01,BYD,Shark 6,648
2026-02,BYD,Shark 6,1213
2026-03,BYD,Shark 6,1143
2026-04,BYD,Shark 6,1235
2026-05,BYD,Shark 6,1598
2026-06,BYD,Shark 6,1452
2026-07,BYD,Shark 6,1221
2026-08,BYD,Shark 6,1934
2026-09,BYD,Shark 6,1088
2026-10,BYD,Shark 6,1575
2026-11,BYD,Shark 6,1472
2026-12,BYD,Shark 6,1541
2026-01,BYD,Dolphin Mini,303
2026-02,BYD,Dolphin Mini,309
2026-03,BYD,Dolphin Mini,193
2026-04,BYD,Dolphin Mini,147
2026-05,BYD,Dolphin Mini,486
2026-06,BYD,Dolphin Mini,259
2026-07,BYD,Dolphin Mini,295
2026-08,BYD,Dolphin Mini,452
2026-09,BYD,Dolphin Mini,488
2026-10,BYD,Dolphin Mini,511
2026-11,BYD,Dolphin Mini,549
2026-12,BYD,Dolphin Mini,486
2026-01,Changan,Deepal S07,222
2026-02,Changan,Deepal S07,174
2026-03,Changan,Deepal S07,268
2026-04,Changan,Deepal S07,208
2026-05,Changan,Deepal S07,143
2026-06,Changan,Deepal S07,191
2026-07,Changan,Deepal S07,215
2026-08,Changan,Deepal S07,219
2026-09,Changan,Deepal S07,125
2026-10,Changan,Deepal S07,170
2026-11,Changan,Deepal S07,275
2026-12,Changan,Deepal S07,135
2026-01,Changan,Deepal L07,80
2026-02,Changan,Deepal L07,91
2026-03,Changan,Deepal L07,133
2026-04,Changan,Deepal L07,90
2026-05,Changan,Deepal L07,144
2026-06,Changan,Deepal L07,85
2026-07,Changan,Deepal L07,113
2026-08,Changan,Deepal L07,106
2026-09,Changan,Deepal L07,121
2026-10,Changan,Deepal L07,124
2026-11,Changan,Deepal L07,76
2026-12,Changan,Deepal L07,173
2026-01,Chery,Omoda C5,467
2026-02,Chery,Omoda C5,390
2026-03,Chery,Omoda C5,541
2026-04,Chery,Omoda C5,544
2026-05,Chery,Omoda C5,435
2026-06,Chery,Omoda C5,350
2026-07,Chery,Omoda C5,437
2026-08,Chery,Omoda C5,469
2026-09,Chery,Omoda C5,488
2026-10,Chery,Omoda C5,538
2026-11,Chery,Omoda C5,226
2026-12,Chery,Omoda C5,536
2026-01,Chery,Jaecoo J7,269
2026-02,Chery,Jaecoo J7,195
2026-03,Chery,Jaecoo J7,268
2026-04,Chery,Jaecoo J7,218
2026-05,Chery,Jaecoo J7,269
2026-06,Chery,Jaecoo J7,249
2026-07,Chery,Jaecoo J7,134
2026-08,Chery,Jaecoo J7,250
2026-09,Chery,Jaecoo J7,358
2026-10,Chery,Jaecoo J7,252
2026-11,Chery,Jaecoo J7,135
2026-12,Chery,Jaecoo J7,309
2026-01,Ford,Ranger Double Cab,1062
2026-02,Ford,Ranger,1715
2026-03,Ford,Ranger,903
2026-04,Ford,Ranger,942
2026-05,Ford,Ranger Double Cab,917
2026-06,Ford,Ranger,1499
2026-07,Ford,Ranger Double Cab,764
2026-08,Ford,Ranger,1622
2026-09,Ford,Ranger Double Cab,1489
2026-10,Ford,Ranger Double Cab,1457
2026-11,Ford,Ranger,1421
2026-12,Ford,Ranger Double Cab,1789
2026-01,Ford,Everest,199
2026-02,Ford,Everest,219
2026-03,Ford,Everest,413
2026-04,Ford,Everest,293
2026-05,Ford,Everest,436
2026-06,Ford,Everest,563
2026-07,Ford,Everest,304
2026-08,Ford,Everest,291
2026-09,Ford,Everest,471
2026-10,Ford,Everest,373
2026-11,Ford,Everest,330
2026-12,Ford,Everest,251
2026-01,Ford,Mustang,4
2026-02,Ford,Mustang,4
2026-03,Ford,Mustang,4
2026-04,Ford,Mustang,6
2026-05,Ford,Mustang,3
2026-06,Ford,Mustang,4
2026-07,Ford,Mustang,3
2026-08,Ford,Mustang,3
2026-09,Ford,Mustang,5
2026-10,Ford,Mustang,4
2026-11,Ford,Mustang,3
2026-12,Ford,Mustang,3
2026-01,GWM,Haval H6,411
2026-02,GWM,Haval H6,420
2026-03,GWM,Haval H6,271
2026-04,GWM,Haval H6,560
2026-05,GWM,Haval H6,439
2026-06,GWM,Haval H6,531
2026-07,GWM,Haval H6,463
2026-08,GWM,Haval H6,442
2026-09,GWM,Haval H6,495
2026-10,GWM,Haval H6,424
2026-11,GWM,Haval H6,468
2026-12,GWM,Haval H6,420
2026-01,GWM,Haval Jolion,423
2026-02,GWM,Haval Jolion,549
2026-03,GWM,Haval Jolion,218
2026-04,GWM,Haval Jolion,391
2026-05,GWM,Haval Jolion,499
2026-06,GWM,Haval Jolion,473
2026-07,GWM,Haval Jolion,532
2026-08,GWM,Haval Jolion,242
2026-09,GWM,Haval Jolion,563
2026-10,GWM,Haval Jolion,456
2026-11,GWM,Haval Jolion,213
2026-12,GWM,Haval Jolion,481
2026-01,GWM,Ora Good Cat,682
2026-02,GWM,Ora Good Cat,808
2026-03,GWM,Ora Good Cat,681
2026-04,GWM,Ora Good Cat,737
2026-05,GWM,Ora Good Cat,480
2026-06,GWM,Ora Good Cat,339
2026-07,GWM,Ora Good Cat,227
2026-08,GWM,Ora Good Cat,499
2026-09,GWM,Ora Good Cat,355
2026-10,GWM,Ora Good Cat,475
2026-11,GWM,Ora Good Cat,385
2026-12,GWM,Ora Good Cat,575
2026-01,GWM,Ora 03,285
2026-02,GWM,Ora 03,486
2026-03,GWM,Ora 03,446
2026-04,GWM,Ora 03,436
2026-05,GWM,Ora 03,424
2026-06,GWM,Ora 03,749
2026-07,GWM,Ora 03,629
2026-08,GWM,Ora 03,684
2026-09,GWM,Ora 03,529
2026-10,GWM,Ora 03,337
2026-11,GWM,Ora 03,516
2026-12,GWM,Ora 03,194
2026-01,GWM,Tank 300,494
2026-02,GWM,Tank 300,352
2026-03,GWM,Tank 300,363
2026-04,GWM,Tank 300,356
2026-05,GWM,Tank 300,443
2026-06,GWM,Tank 300,230
2026-07,GWM,Tank 300,209
2026-08,GWM,Tank 300,209
2026-09,GWM,Tank 300,278
2026-10,GWM,Tank 300,308
2026-11,GWM,Tank 300,453
2026-12,GWM,Tank 300,469
2026-01,GWM,Tank 500,42
2026-02,GWM,Tank 500,56
2026-03,GWM,Tank 500,38
2026-04,GWM,Tank 500,44
2026-05,GWM,Tank 500,22
2026-06,GWM,Tank 500,47
2026-07,GWM,Tank 500,58
2026-08,GWM,Tank 500,21
2026-09,GWM,Tank 500,39
2026-10,GWM,Tank 500,46
2026-11,GWM,Tank 500,40
2026-12,GWM,Tank 500,51
2026-01,Honda,City,2545
2026-02,Honda,City,2319
2026-03,Honda,City,2093
2026-04,Honda,City,3502
2026-05,Honda,City,2524
2026-06,Honda,City,2427
2026-07,Honda,City,2625
2026-08,Honda,City,2331
2026-09,Honda,City,2546
2026-10,Honda,City,2580
2026-11,Honda,City,2452
2026-12,Honda,City,1306
2026-01,Honda,City Hatchback,2278
2026-02,Honda,City Hatchback,2144
2026-03,Honda,City Hatchback,2317
2026-04,Honda,City Hatchback,1984
2026-05,Honda,City Hatchback,1879
2026-06,Honda,City Hatchback,1666
2026-07,Honda,City Hatchback,3132
2026-08,Honda,City Hatchback,2279
2026-09,Honda,City Hatchback,3386
2026-10,Honda,City Hatchback,3260
2026-11,Honda,City Hatchback,3860
2026-12,Honda,City Hatchback,2842
2026-01,Honda,Civic,1708
2026-02,Honda,Civic,1310
2026-03,Honda,Civic,698
2026-04,Honda,Civic,1999
2026-05,Honda,Civic,1170
2026-06,Honda,Civic,1811
2026-07,Honda,Civic,1553
2026-08,Honda,Civic,2139
2026-09,Honda,Civic,1437
2026-10,Honda,Civic,1012
2026-11,Honda,Civic,394
2026-12,Honda,Civic,1096
2026-01,Honda,Accord,664
2026-02,Honda,Accord,561
2026-03,Honda,Accord,664
2026-04,Honda,Accord,413
2026-05,Honda,Accord,1026
2026-06,Honda,Accord,447
2026-07,Honda,Accord,665
2026-08,Honda,Accord,321
2026-09,Honda,Accord,671
2026-10,Honda,Accord,758
2026-11,Honda,Accord,655
2026-12,Honda,Accord,512
2026-01,Honda,HR-V,2209
2026-02,Honda,HR-V,2909
2026-03,Honda,HR-V,2392
2026-04,Honda,HR-V,2228
2026-05,Honda,HR-V,2587
2026-06,Honda,HR-V,2843
2026-07,Honda,HR-V,2105
2026-08,Honda,HR-V,1722
2026-09,Honda,HR-V,2099
2026-10,Honda,HR-V,2190
2026-11,Honda,HR-V,2389
2026-12,Honda,HR-V,2378
2026-01,Honda,CR-V,1680
2026-02,Honda,CR-V,926
2026-03,Honda,CR-V,763
2026-04,Honda,CR-V,1630
2026-05,Honda,CR-V,1045
2026-06,Honda,CR-V,1631
2026-07,Honda,CR-V,2129
2026-08,Honda,CR-V,1444
2026-09,Honda,CR-V,1517
2026-10,Honda,CR-V,1157
2026-11,Honda,CR-V,2131
2026-12,Honda,CR-V,873
2026-01,Honda,WR-V,1603
2026-02,Honda,WR-V,1302
2026-03,Honda,WR-V,2886
2026-04,Honda,WR-V,2591
2026-05,Honda,WR-V,2441
2026-06,Honda,WR-V,1833
2026-07,Honda,WR-V,1280
2026-08,Honda,WR-V,1127
2026-09,Honda,WR-V,2564
2026-10,Honda,WR-V,2779
2026-11,Honda,WR-V,2792
2026-12,Honda,WR-V,1860
2026-01,Honda,BR-V,3199
2026-02,Honda,BR-V,1865
2026-03,Honda,BR-V,2060
2026-04,Honda,BR-V,2737
2026-05,Honda,BR-V,2531
2026-06,Honda,BR-V,3142
2026-07,Honda,BR-V,2204
2026-08,Honda,BR-V,1106
2026-09,Honda,BR-V,3128
2026-10,Honda,BR-V,3492
2026-11,Honda,BR-V,3675
2026-12,Honda,BR-V,2964
2026-01,Honda,e:N1,2723
2026-02,Honda,e:N1,2246
2026-03,Honda,e:N1,1488
2026-04,Honda,e:N1,2988
2026-05,Honda,e:N1,2623
2026-06,Honda,e:N1,1384
2026-07,Honda,e:N1,3528
2026-08,Honda,e:N1,1612
2026-09,Honda,e:N1,2967
2026-10,Honda,e:N1,2943
2026-11,Honda,e:N1,2094
2026-12,Honda,e:N1,2178
2026-01,Hyundai,Creta,620
2026-02,Hyundai,Creta,301
2026-03,Hyundai,Creta,295
2026-04,Hyundai,Creta,471
2026-05,Hyundai,Creta,365
2026-06,Hyundai,Creta,349
2026-07,Hyundai,Creta,501
2026-08,Hyundai,Creta,389
2026-09,Hyundai,Creta,445
2026-10,Hyundai,Creta,381
2026-11,Hyundai,Creta,351
2026-12,Hyundai,Creta,604
2026-01,Hyundai,Stargazer,275
2026-02,Hyundai,Stargazer,92
2026-03,Hyundai,Stargazer,367
2026-04,Hyundai,Stargazer,319
2026-05,Hyundai,Stargazer,314
2026-06,Hyundai,Stargazer,315
2026-07,Hyundai,Stargazer,265
2026-08,Hyundai,Stargazer,281
2026-09,Hyundai,Stargazer,383
2026-10,Hyundai,Stargazer,210
2026-11,Hyundai,Stargazer,157
2026-12,Hyundai,Stargazer,238
2026-01,Hyundai,Ioniq 5,270
2026-02,Hyundai,Ioniq 5,234
2026-03,Hyundai,Ioniq 5,246
2026-04,Hyundai,Ioniq 5,240
2026-05,Hyundai,Ioniq 5,233
2026-06,Hyundai,Ioniq 5,242
2026-07,Hyundai,Ioniq 5,256
2026-08,Hyundai,Ioniq 5,205
2026-09,Hyundai,Ioniq 5,189
2026-10,Hyundai,Ioniq 5,203
2026-11,Hyundai,Ioniq 5,116
2026-12,Hyundai,Ioniq 5,183
2026-01,Hyundai,Ioniq 6,108
2026-02,Hyundai,Ioniq 6,48
2026-03,Hyundai,Ioniq 6,89
2026-04,Hyundai,Ioniq 6,55
2026-05,Hyundai,Ioniq 6,105
2026-06,Hyundai,Ioniq 6,139
2026-07,Hyundai,Ioniq 6,96
2026-08,Hyundai,Ioniq 6,68
2026-09,Hyundai,Ioniq 6,98
2026-10,Hyundai,Ioniq 6,77
2026-11,Hyundai,Ioniq 6,132
2026-12,Hyundai,Ioniq 6,88
2026-01,Isuzu,D-Max Double Cab,3722
2026-02,Isuzu,D-Max Double Cab,3142
2026-03,Isuzu,D-Max,3697
2026-04,Isuzu,D-Max Double Cab,2293
2026-05,Isuzu,D-Max,3033
2026-06,Isuzu,D-Max,3619
2026-07,Isuzu,D-Max Double Cab,3151
2026-08,Isuzu,D-Max Double Cab,2580
2026-09,Isuzu,D-Max Double Cab,3626
2026-10,Isuzu,D-Max,4128
2026-11,Isuzu,D-Max Double Cab,6295
2026-12,Isuzu,D-Max,4837
2026-01,Isuzu,MU-X,1137
2026-02,Isuzu,MU-X,1424
2026-03,Isuzu,MU-X,1280
2026-04,Isuzu,MU-X,1294
2026-05,Isuzu,MU-X,1074
2026-06,Isuzu,MU-X,1458
2026-07,Isuzu,MU-X,1010
2026-08,Isuzu,MU-X,1196
2026-09,Isuzu,MU-X,1783
2026-10,Isuzu,MU-X,1566
2026-11,Isuzu,MU-X,1351
2026-12,Isuzu,MU-X,1393
2026-01,Kia,EV6,78
2026-02,Kia,EV6,191
2026-03,Kia,EV6,232
2026-04,Kia,EV6,189
2026-05,Kia,EV6,227
2026-06,Kia,EV6,110
2026-07,Kia,EV6,213
2026-08,Kia,EV6,277
2026-09,Kia,EV6,222
2026-10,Kia,EV6,137
2026-11,Kia,EV6,246
2026-12,Kia,EV6,261
2026-01,Lexus,ES,29
2026-02,Lexus,ES,30
2026-03,Lexus,ES,32
2026-04,Lexus,ES,34
2026-05,Lexus,ES,34
2026-06,Lexus,ES,31
2026-07,Lexus,ES,21
2026-08,Lexus,ES,27
2026-09,Lexus,ES,42
2026-10,Lexus,ES,40
2026-11,Lexus,ES,24
2026-12,Lexus,ES,25
2026-01,Lexus,NX,149
2026-02,Lexus,NX,103
2026-03,Lexus,NX,88
2026-04,Lexus,NX,59
2026-05,Lexus,NX,130
2026-06,Lexus,NX,119
2026-07,Lexus,NX,108
2026-08,Lexus,NX,81
2026-09,Lexus,NX,123
2026-10,Lexus,NX,77
2026-11,Lexus,NX,74
2026-12,Lexus,NX,117
2026-01,Lexus,RX,32
2026-02,Lexus,RX,28
2026-03,Lexus,RX,36
2026-04,Lexus,RX,41
2026-05,Lexus,RX,29
2026-06,Lexus,RX,36
2026-07,Lexus,RX,36
2026-08,Lexus,RX,41
2026-09,Lexus,RX,50
2026-10,Lexus,RX,32
2026-11,Lexus,RX,51
2026-12,Lexus,RX,47
2026-01,Mazda,Mazda2 Sedan,856
2026-02,Mazda,Mazda2 Sedan,609
2026-03,Mazda,Mazda2 Sedan,532
2026-04,Mazda,Mazda2 Sedan,508
2026-05,Mazda,Mazda2 Sedan,421
2026-06,Mazda,Mazda2 Sedan,550
2026-07,Mazda,Mazda2 Sedan,414
2026-08,Mazda,Mazda2 Sedan,478
2026-09,Mazda,Mazda2 Sedan,227
2026-10,Mazda,Mazda2 Sedan,441
2026-11,Mazda,Mazda2 Sedan,359
2026-12,Mazda,Mazda2 Sedan,189
2026-01,Mazda,Mazda2 Hatchback,572
2026-02,Mazda,Mazda2 Hatchback,591
2026-03,Mazda,Mazda2 Hatchback,596
2026-04,Mazda,Mazda2 Hatchback,756
2026-05,Mazda,Mazda2 Hatchback,336
2026-06,Mazda,Mazda2 Hatchback,698
2026-07,Mazda,Mazda2 Hatchback,804
2026-08,Mazda,Mazda2 Hatchback,357
2026-09,Mazda,Mazda2 Hatchback,653
2026-10,Mazda,Mazda2 Hatchback,592
2026-11,Mazda,Mazda2 Hatchback,414
2026-12,Mazda,Mazda2 Hatchback,972
2026-01,Mazda,Mazda3,332
2026-02,Mazda,Mazda3,418
2026-03,Mazda,Mazda3,513
2026-04,Mazda,Mazda3,415
2026-05,Mazda,Mazda3,621
2026-06,Mazda,Mazda3,499
2026-07,Mazda,Mazda3,503
2026-08,Mazda,Mazda3,466
2026-09,Mazda,Mazda3,290
2026-10,Mazda,Mazda3,446
2026-11,Mazda,Mazda3,482
2026-12,Mazda,Mazda3,317
2026-01,Mazda,CX-3,624
2026-02,Mazda,CX-3,908
2026-03,Mazda,CX-3,452
2026-04,Mazda,CX-3,580
2026-05,Mazda,CX-3,515
2026-06,Mazda,CX-3,621
2026-07,Mazda,CX-3,613
2026-08,Mazda,CX-3,808
2026-09,Mazda,CX-3,510
2026-10,Mazda,CX-3,633
2026-11,Mazda,CX-3,419
2026-12,Mazda,CX-3,788
2026-01,Mazda,CX-30,471
2026-02,Mazda,CX-30,429
2026-03,Mazda,CX-30,316
2026-04,Mazda,CX-30,361
2026-05,Mazda,CX-30,407
2026-06,Mazda,CX-30,204
2026-07,Mazda,CX-30,559
2026-08,Mazda,CX-30,217
2026-09,Mazda,CX-30,447
2026-10,Mazda,CX-30,331
2026-11,Mazda,CX-30,398
2026-12,Mazda,CX-30,430
2026-01,Mazda,CX-5,146
2026-02,Mazda,CX-5,208
2026-03,Mazda,CX-5,105
2026-04,Mazda,CX-5,191
2026-05,Mazda,CX-5,67
2026-06,Mazda,CX-5,200
2026-07,Mazda,CX-5,80
2026-08,Mazda,CX-5,177
2026-09,Mazda,CX-5,80
2026-10,Mazda,CX-5,166
2026-12,Mazda,CX-5,101
2026-01,Mazda,CX-8,184
2026-02,Mazda,CX-8,198
2026-03,Mazda,CX-8,162
2026-04,Mazda,CX-8,152
2026-05,Mazda,CX-8,78
2026-06,Mazda,CX-8,137
2026-07,Mazda,CX-8,228
2026-08,Mazda,CX-8,108
2026-09,Mazda,CX-8,136
2026-10,Mazda,CX-8,129
2026-11,Mazda,CX-8,108
2026-12,Mazda,CX-8,147
2026-01,Mazda,BT-50 Double Cab,493
2026-02,Mazda,BT-50 Double Cab,289
2026-03,Mazda,BT-50,820
2026-04,Mazda,BT-50 Double Cab,347
2026-05,Mazda,BT-50,616
2026-06,Mazda,BT-50 Double Cab,605
2026-07,Mazda,BT-50,653
2026-08,Mazda,BT-50 Double Cab,617
2026-09,Mazda,BT-50 Double Cab,613
2026-10,Mazda,BT-50 Double Cab,370
2026-11,Mazda,BT-50,716
2026-12,Mazda,BT-50,949
2026-01,Mercedes-Benz,C-Class,98
2026-02,Mercedes-Benz,C-Class,121
2026-03,Mercedes-Benz,C-Class,71
2026-04,Mercedes-Benz,C-Class,25
2026-05,Mercedes-Benz,C-Class,118
2026-06,Mercedes-Benz,C-Class,131
2026-07,Mercedes-Benz,C-Class,48
2026-08,Mercedes-Benz,C-Class,90
2026-09,Mercedes-Benz,C-Class,113
2026-10,Mercedes-Benz,C-Class,78
2026-11,Mercedes-Benz,C-Class,123
2026-12,Mercedes-Benz,C-Class,148
2026-01,Mercedes-Benz,E-Class,25
2026-02,Mercedes-Benz,E-Class,27
2026-03,Mercedes-Benz,E-Class,22
2026-04,Mercedes-Benz,E-Class,48
2026-05,Mercedes-Benz,E-Class,29
2026-06,Mercedes-Benz,E-Class,26
2026-07,Mercedes-Benz,E-Class,50
2026-08,Mercedes-Benz,E-Class,21
2026-09,Mercedes-Benz,E-Class,34
2026-10,Mercedes-Benz,E-Class,36
2026-11,Mercedes-Benz,E-Class,45
2026-12,Mercedes-Benz,E-Class,50
2026-01,Mercedes-Benz,GLA,515
2026-02,Mercedes-Benz,GLA,415
2026-03,Mercedes-Benz,GLA,358
2026-04,Mercedes-Benz,GLA,372
2026-05,Mercedes-Benz,GLA,607
2026-06,Mercedes-Benz,GLA,396
2026-07,Mercedes-Benz,GLA,389
2026-08,Mercedes-Benz,GLA,247
2026-09,Mercedes-Benz,GLA,342
2026-10,Mercedes-Benz,GLA,367
2026-11,Mercedes-Benz,GLA,325
2026-12,Mercedes-Benz,GLA,367
2026-01,Mercedes-Benz,GLC,109
2026-02,Mercedes-Benz,GLC,114
2026-03,Mercedes-Benz,GLC,54
2026-04,Mercedes-Benz,GLC,59
2026-05,Mercedes-Benz,GLC,72
2026-06,Mercedes-Benz,GLC,170
2026-07,Mercedes-Benz,GLC,89
2026-08,Mercedes-Benz,GLC,156
2026-09,Mercedes-Benz,GLC,158
2026-10,Mercedes-Benz,GLC,108
2026-11,Mercedes-Benz,GLC,94
2026-12,Mercedes-Benz,GLC,124
2026-01,MG,MG3,631
2026-02,MG,MG3,985
2026-03,MG,MG3,1094
2026-04,MG,MG3,1158
2026-05,MG,MG3,1279
2026-06,MG,MG3,907
2026-07,MG,MG3,559
2026-08,MG,MG3,712
2026-09,MG,MG3,1176
2026-10,MG,MG3,991
2026-11,MG,MG3,390
2026-12,MG,MG3,516
2026-01,MG,MG4 Electric,861
2026-02,MG,MG4 Electric,576
2026-03,MG,MG4 Electric,844
2026-04,MG,MG4 Electric,673
2026-05,MG,MG4 Electric,714
2026-06,MG,MG4 Electric,595
2026-07,MG,MG4 Electric,656
2026-08,MG,MG4 Electric,413
2026-09,MG,MG4 Electric,924
2026-10,MG,MG4 Electric,834
2026-11,MG,MG4 Electric,690
2026-12,MG,MG4 Electric,1229
2026-01,MG,MG5,591
2026-02,MG,MG5,495
2026-03,MG,MG5,674
2026-04,MG,MG5,516
2026-05,MG,MG5,707
2026-06,MG,MG5,845
2026-07,MG,MG5,868
2026-08,MG,MG5,845
2026-09,MG,MG5,1037
2026-10,MG,MG5,594
2026-11,MG,MG5,816
2026-12,MG,MG5,758
2026-01,MG,MG ZS,509
2026-02,MG,MG ZS,1060
2026-03,MG,MG ZS,861
2026-04,MG,MG ZS,1240
2026-05,MG,MG ZS,1310
2026-06,MG,MG ZS,1049
2026-07,MG,MG ZS,881
2026-08,MG,MG ZS,830
2026-09,MG,MG ZS,595
2026-10,MG,MG ZS,832
2026-11,MG,MG ZS,503
2026-12,MG,MG ZS,640
2026-01,MG,MG ZS EV,1342
2026-02,MG,MG ZS EV,804
2026-03,MG,MG ZS EV,817
2026-04,MG,MG ZS EV,962
2026-05,MG,MG ZS EV,1366
2026-06,MG,MG ZS EV,613
2026-07,MG,MG ZS EV,840
2026-08,MG,MG ZS EV,1287
2026-09,MG,MG ZS EV,1007
2026-10,MG,MG ZS EV,1477
2026-11,MG,MG ZS EV,1622
2026-12,MG,MG ZS EV,1119
2026-01,MG,MG HS,845
2026-02,MG,MG HS,910
2026-03,MG,MG HS,544
2026-04,MG,MG HS,587
2026-05,MG,MG HS,566
2026-06,MG,MG HS,815
2026-07,MG,MG HS,851
2026-08,MG,MG HS,792
2026-09,MG,MG HS,738
2026-10,MG,MG HS,965
2026-11,MG,MG HS,1268
2026-12,MG,MG HS,789
2026-01,MG,MG VS HEV,770
2026-02,MG,MG VS HEV,1160
2026-03,MG,MG VS HEV,953
2026-04,MG,MG VS HEV,792
2026-05,MG,MG VS HEV,1062
2026-06,MG,MG VS HEV,644
2026-07,MG,MG VS HEV,1374
2026-08,MG,MG VS HEV,1274
2026-09,MG,MG VS HEV,1282
2026-10,MG,MG VS HEV,1213
2026-11,MG,MG VS HEV,1584
2026-12,MG,MG VS HEV,1552
2026-01,MG,MG Extender Double Cab,552
2026-02,MG,MG Extender Double Cab,945
2026-03,MG,MG Extender Double Cab,669
2026-04,MG,MG Extender,1266
2026-05,MG,MG Extender,1237
2026-06,MG,MG Extender Double Cab,1004
2026-07,MG,MG Extender Double Cab,1334
2026-08,MG,MG Extender Double Cab,1401
2026-09,MG,MG Extender,1649
2026-10,MG,MG Extender Double Cab,1050
2026-11,MG,MG Extender Double Cab,828
2026-12,MG,MG Extender,1088
2026-01,MG,MG Maxus 9,64
2026-02,MG,MG Maxus 9,83
2026-03,MG,MG Maxus 9,86
2026-04,MG,MG Maxus 9,99
2026-05,MG,MG Maxus 9,58
2026-06,MG,MG Maxus 9,98
2026-07,MG,MG Maxus 9,104
2026-08,MG,MG Maxus 9,104
2026-09,MG,MG Maxus 9,123
2026-10,MG,MG Maxus 9,142
2026-11,MG,MG Maxus 9,104
2026-12,MG,MG Maxus 9,112
2026-01,MG,MG ES,620
2026-02,MG,MG ES,1188
2026-03,MG,MG ES,799
2026-04,MG,MG ES,695
2026-05,MG,MG ES,607
2026-06,MG,MG ES,693
2026-07,MG,MG ES,695
2026-08,MG,MG ES,1114
2026-09,MG,MG ES,799
2026-10,MG,MG ES,777
2026-11,MG,MG ES,937
2026-12,MG,MG ES,743
2026-01,MINI,Cooper,417
2026-02,MINI,Cooper,140
2026-03,MINI,Cooper,363
2026-04,MINI,Cooper,381
2026-05,MINI,Cooper,348
2026-06,MINI,Cooper,284
2026-07,MINI,Cooper,546
2026-08,MINI,Cooper,534
2026-09,MINI,Cooper,354
2026-10,MINI,Cooper,351
2026-11,MINI,Cooper,575
2026-12,MINI,Cooper,329
2026-01,MINI,Countryman,258
2026-02,MINI,Countryman,213
2026-03,MINI,Countryman,231
2026-04,MINI,Countryman,230
2026-05,MINI,Countryman,259
2026-06,MINI,Countryman,370
2026-07,MINI,Countryman,315
2026-08,MINI,Countryman,170
2026-09,MINI,Countryman,298
2026-10,MINI,Countryman,350
2026-11,MINI,Countryman,302
2026-12,MINI,Countryman,344
2026-01,Mitsubishi,Triton Double Cab,937
2026-02,Mitsubishi,Triton,1297
2026-03,Mitsubishi,Triton Double Cab,1092
2026-04,Mitsubishi,Triton,1291
2026-05,Mitsubishi,Triton Double Cab,1548
2026-06,Mitsubishi,Triton Double Cab,1326
2026-07,Mitsubishi,Triton Double Cab,2075
2026-08,Mitsubishi,Triton Double Cab,1536
2026-09,Mitsubishi,Triton Double Cab,1194
2026-10,Mitsubishi,Triton Double Cab,1362
2026-11,Mitsubishi,Triton Double Cab,2066
2026-12,Mitsubishi,Triton,1727
2026-01,Mitsubishi,Pajero Sport,530
2026-02,Mitsubishi,Pajero Sport,375
2026-03,Mitsubishi,Pajero Sport,315
2026-04,Mitsubishi,Pajero Sport,418
2026-05,Mitsubishi,Pajero Sport,493
2026-06,Mitsubishi,Pajero Sport,474
2026-07,Mitsubishi,Pajero Sport,367
2026-08,Mitsubishi,Pajero Sport,386
2026-09,Mitsubishi,Pajero Sport,289
2026-10,Mitsubishi,Pajero Sport,361
2026-11,Mitsubishi,Pajero Sport,279
2026-12,Mitsubishi,Pajero Sport,108
2026-01,Mitsubishi,Xpander,1183
2026-02,Mitsubishi,Xpander,751
2026-03,Mitsubishi,Xpander,1645
2026-04,Mitsubishi,Xpander,769
2026-05,Mitsubishi,Xpander,1275
2026-06,Mitsubishi,Xpander,1837
2026-07,Mitsubishi,Xpander,1212
2026-08,Mitsubishi,Xpander,978
2026-09,Mitsubishi,Xpander,1507
2026-10,Mitsubishi,Xpander,795
2026-11,Mitsubishi,Xpander,593
2026-12,Mitsubishi,Xpander,1288
2026-01,Mitsubishi,Xpander Cross,1791
2026-02,Mitsubishi,Xpander Cross,1439
2026-03,Mitsubishi,Xpander Cross,1515
2026-04,Mitsubishi,Xpander Cross,1483
2026-05,Mitsubishi,Xpander Cross,1133
2026-06,Mitsubishi,Xpander Cross,1311
2026-07,Mitsubishi,Xpander Cross,1633
2026-08,Mitsubishi,Xpander Cross,1860
2026-09,Mitsubishi,Xpander Cross,1190
2026-10,Mitsubishi,Xpander Cross,1956
2026-11,Mitsubishi,Xpander Cross,2125
2026-12,Mitsubishi,Xpander Cross,1925
2026-01,Mitsubishi,Attrage,1225
2026-02,Mitsubishi,Attrage,1404
2026-03,Mitsubishi,Attrage,1536
2026-04,Mitsubishi,Attrage,1694
2026-05,Mitsubishi,Attrage,1924
2026-06,Mitsubishi,Attrage,1616
2026-07,Mitsubishi,Attrage,2081
2026-08,Mitsubishi,Attrage,1188
2026-09,Mitsubishi,Attrage,1999
2026-10,Mitsubishi,Attrage,1860
2026-11,Mitsubishi,Attrage,2138
2026-12,Mitsubishi,Attrage,1784
2026-01,Mitsubishi,Mirage,359
2026-02,Mitsubishi,Mirage,359
2026-03,Mitsubishi,Mirage,206
2026-04,Mitsubishi,Mirage,190
2026-05,Mitsubishi,Mirage,130
2026-06,Mitsubishi,Mirage,73
2026-07,Mitsubishi,Mirage,246
2026-08,Mitsubishi,Mirage,302
2026-09,Mitsubishi,Mirage,335
2026-10,Mitsubishi,Mirage,480
2026-11,Mitsubishi,Mirage,204
2026-12,Mitsubishi,Mirage,267
2026-01,Mitsubishi,Xforce,1636
2026-02,Mitsubishi,Xforce,1699
2026-03,Mitsubishi,Xforce,1048
2026-04,Mitsubishi,Xforce,1051
2026-05,Mitsubishi,Xforce,1067
2026-06,Mitsubishi,Xforce,1664
2026-07,Mitsubishi,Xforce,1038
2026-08,Mitsubishi,Xforce,1110
2026-09,Mitsubishi,Xforce,1526
2026-10,Mitsubishi,Xforce,1832
2026-11,Mitsubishi,Xforce,1238
2026-12,Mitsubishi,Xforce,819
2026-01,Neta,Neta V,97
2026-02,Neta,Neta V,71
2026-03,Neta,Neta V,68
2026-04,Neta,Neta V,88
2026-05,Neta,Neta V,62
2026-06,Neta,Neta V,105
2026-07,Neta,Neta V,90
2026-08,Neta,Neta V,73
2026-09,Neta,Neta V,43
2026-10,Neta,Neta V,74
2026-11,Neta,Neta V,54
2026-12,Neta,Neta V,34
2026-01,Neta,Neta X,336
2026-02,Neta,Neta X,221
2026-03,Neta,Neta X,390
2026-04,Neta,Neta X,329
2026-05,Neta,Neta X,216
2026-06,Neta,Neta X,306
2026-07,Neta,Neta X,127
2026-08,Neta,Neta X,327
2026-09,Neta,Neta X,335
2026-10,Neta,Neta X,366
2026-11,Neta,Neta X,258
2026-12,Neta,Neta X,336
2026-01,Nissan,Almera,485
2026-02,Nissan,Almera,732
2026-03,Nissan,Almera,504
2026-04,Nissan,Almera,827
2026-05,Nissan,Almera,444
2026-06,Nissan,Almera,584
2026-07,Nissan,Almera,628
2026-08,Nissan,Almera,424
2026-09,Nissan,Almera,657
2026-10,Nissan,Almera,346
2026-11,Nissan,Almera,718
2026-12,Nissan,Almera,534
2026-01,Nissan,Kicks e-Power,598
2026-02,Nissan,Kicks e-Power,415
2026-03,Nissan,Kicks e-Power,624
2026-04,Nissan,Kicks e-Power,641
2026-05,Nissan,Kicks e-Power,931
2026-06,Nissan,Kicks e-Power,975
2026-07,Nissan,Kicks e-Power,463
2026-08,Nissan,Kicks e-Power,963
2026-09,Nissan,Kicks e-Power,377
2026-10,Nissan,Kicks e-Power,590
2026-11,Nissan,Kicks e-Power,705
2026-12,Nissan,Kicks e-Power,459
2026-01,Nissan,Navara,472
2026-02,Nissan,Navara,530
2026-03,Nissan,Navara Double Cab,448
2026-04,Nissan,Navara Double Cab,555
2026-05,Nissan,Navara Double Cab,347
2026-06,Nissan,Navara Double Cab,615
2026-07,Nissan,Navara Double Cab,631
2026-08,Nissan,Navara,663
2026-09,Nissan,Navara,651
2026-10,Nissan,Navara Double Cab,296
2026-11,Nissan,Navara Double Cab,277
2026-12,Nissan,Navara Double Cab,528
2026-01,Nissan,Terra,317
2026-02,Nissan,Terra,215
2026-03,Nissan,Terra,240
2026-04,Nissan,Terra,202
2026-05,Nissan,Terra,255
2026-06,Nissan,Terra,176
2026-07,Nissan,Terra,271
2026-08,Nissan,Terra,174
2026-09,Nissan,Terra,219
2026-10,Nissan,Terra,213
2026-11,Nissan,Terra,325
2026-12,Nissan,Terra,226
2026-01,Porsche,Macan,122
2026-02,Porsche,Macan,136
2026-03,Porsche,Macan,123
2026-04,Porsche,Macan,152
2026-05,Porsche,Macan,105
2026-06,Porsche,Macan,67
2026-07,Porsche,Macan,98
2026-08,Porsche,Macan,136
2026-09,Porsche,Macan,129
2026-10,Porsche,Macan,132
2026-11,Porsche,Macan,82
2026-12,Porsche,Macan,145
2026-01,Porsche,911,1
2026-02,Porsche,911,1
2026-03,Porsche,911,1
2026-07,Porsche,911,1
2026-09,Porsche,911,1
2026-10,Porsche,911,1
2026-11,Porsche,911,1
2026-12,Porsche,911,1
2026-01,Subaru,Forester,293
2026-02,Subaru,Forester,268
2026-03,Subaru,Forester,187
2026-04,Subaru,Forester,285
2026-05,Subaru,Forester,260
2026-06,Subaru,Forester,208
2026-07,Subaru,Forester,234
2026-08,Subaru,Forester,301
2026-09,Subaru,Forester,179
2026-10,Subaru,Forester,256
2026-11,Subaru,Forester,117
2026-12,Subaru,Forester,240
2026-01,Subaru,Crosstrek,478
2026-02,Subaru,Crosstrek,270
2026-03,Subaru,Crosstrek,342
2026-04,Subaru,Crosstrek,222
2026-05,Subaru,Crosstrek,431
2026-06,Subaru,Crosstrek,410
2026-07,Subaru,Crosstrek,350
2026-08,Subaru,Crosstrek,461
2026-09,Subaru,Crosstrek,245
2026-10,Subaru,Crosstrek,308
2026-11,Subaru,Crosstrek,515
2026-12,Subaru,Crosstrek,360
2026-01,Suzuki,Swift,484
2026-02,Suzuki,Swift,480
2026-03,Suzuki,Swift,463
2026-04,Suzuki,Swift,400
2026-05,Suzuki,Swift,500
2026-06,Suzuki,Swift,437
2026-07,Suzuki,Swift,461
2026-08,Suzuki,Swift,356
2026-09,Suzuki,Swift,389
2026-10,Suzuki,Swift,191
2026-11,Suzuki,Swift,378
2026-12,Suzuki,Swift,434
2026-01,Suzuki,Ciaz,334
2026-02,Suzuki,Ciaz,306
2026-03,Suzuki,Ciaz,309
2026-04,Suzuki,Ciaz,294
2026-05,Suzuki,Ciaz,499
2026-06,Suzuki,Ciaz,385
2026-07,Suzuki,Ciaz,478
2026-08,Suzuki,Ciaz,317
2026-09,Suzuki,Ciaz,374
2026-10,Suzuki,Ciaz,224
2026-11,Suzuki,Ciaz,420
2026-12,Suzuki,Ciaz,334
2026-01,Suzuki,Celerio,53
2026-02,Suzuki,Celerio,89
2026-03,Suzuki,Celerio,102
2026-04,Suzuki,Celerio,12
2026-05,Suzuki,Celerio,43
2026-06,Suzuki,Celerio,72
2026-07,Suzuki,Celerio,23
2026-08,Suzuki,Celerio,123
2026-09,Suzuki,Celerio,77
2026-10,Suzuki,Celerio,44
2026-11,Suzuki,Celerio,44
2026-12,Suzuki,Celerio,75
2026-01,Suzuki,Ertiga,304
2026-02,Suzuki,Ertiga,309
2026-03,Suzuki,Ertiga,449
2026-04,Suzuki,Ertiga,441
2026-05,Suzuki,Ertiga,159
2026-06,Suzuki,Ertiga,491
2026-07,Suzuki,Ertiga,331
2026-08,Suzuki,Ertiga,407
2026-09,Suzuki,Ertiga,453
2026-10,Suzuki,Ertiga,196
2026-11,Suzuki,Ertiga,398
2026-12,Suzuki,Ertiga,265
2026-01,Suzuki,XL7,344
2026-02,Suzuki,XL7,426
2026-03,Suzuki,XL7,332
2026-04,Suzuki,XL7,210
2026-05,Suzuki,XL7,398
2026-06,Suzuki,XL7,264
2026-07,Suzuki,XL7,222
2026-08,Suzuki,XL7,349
2026-09,Suzuki,XL7,234
2026-10,Suzuki,XL7,207
2026-11,Suzuki,XL7,287
2026-12,Suzuki,XL7,298
2026-01,Suzuki,Jimny,60
2026-02,Suzuki,Jimny,59
2026-03,Suzuki,Jimny,68
2026-04,Suzuki,Jimny,61
2026-05,Suzuki,Jimny,106
2026-06,Suzuki,Jimny,39
2026-07,Suzuki,Jimny,53
2026-08,Suzuki,Jimny,77
2026-09,Suzuki,Jimny,43
2026-10,Suzuki,Jimny,67
2026-11,Suzuki,Jimny,30
2026-12,Suzuki,Jimny,51
2026-01,Suzuki,Fronx,400
2026-02,Suzuki,Fronx,411
2026-03,Suzuki,Fronx,339
2026-04,Suzuki,Fronx,332
2026-05,Suzuki,Fronx,230
2026-06,Suzuki,Fronx,382
2026-07,Suzuki,Fronx,354
2026-08,Suzuki,Fronx,336
2026-09,Suzuki,Fronx,453
2026-10,Suzuki,Fronx,362
2026-11,Suzuki,Fronx,322
2026-12,Suzuki,Fronx,381
2026-01,Tesla,Model 3,123
2026-02,Tesla,Model 3,96
2026-03,Tesla,Model 3,113
2026-04,Tesla,Model 3,74
2026-05,Tesla,Model 3,91
2026-06,Tesla,Model 3,106
2026-07,Tesla,Model 3,174
2026-08,Tesla,Model 3,131
2026-09,Tesla,Model 3,130
2026-10,Tesla,Model 3,64
2026-11,Tesla,Model 3,125
2026-12,Tesla,Model 3,121
2026-01,Tesla,Model Y,106
2026-02,Tesla,Model Y,110
2026-03,Tesla,Model Y,94
2026-04,Tesla,Model Y,111
2026-05,Tesla,Model Y,80
2026-06,Tesla,Model Y,106
2026-07,Tesla,Model Y,115
2026-08,Tesla,Model Y,92
2026-09,Tesla,Model Y,52
2026-10,Tesla,Model Y,64
2026-11,Tesla,Model Y,111
2026-12,Tesla,Model Y,85
2026-01,Toyota,Yaris Ativ,5518
2026-02,Toyota,Yaris Ativ,7097
2026-03,Toyota,Yaris Ativ,3571
2026-04,Toyota,Yaris Ativ,2615
2026-05,Toyota,Yaris Ativ,4829
2026-06,Toyota,Yaris Ativ,4341
2026-07,Toyota,Yaris Ativ,2511
2026-08,Toyota,Yaris Ativ,3298
2026-09,Toyota,Yaris Ativ,4698
2026-10,Toyota,Yaris Ativ,3709
2026-11,Toyota,Yaris Ativ,3703
2026-12,Toyota,Yaris Ativ,2491
2026-01,Toyota,Yaris,4172
2026-02,Toyota,Yaris,4437
2026-03,Toyota,Yaris,2174
2026-04,Toyota,Yaris,3040
2026-05,Toyota,Yaris,4620
2026-06,Toyota,Yaris,2603
2026-07,Toyota,Yaris,4286
2026-08,Toyota,Yaris,5043
2026-09,Toyota,Yaris,4380
2026-10,Toyota,Yaris,2000
2026-11,Toyota,Yaris,4287
2026-12,Toyota,Yaris,3507
2026-01,Toyota,Corolla Altis,2983
2026-02,Toyota,Corolla Altis,2113
2026-03,Toyota,Corolla Altis,2752
2026-04,Toyota,Corolla Altis,2833
2026-05,Toyota,Corolla Altis,3042
2026-06,Toyota,Corolla Altis,3017
2026-07,Toyota,Corolla Altis,4312
2026-08,Toyota,Corolla Altis,2268
2026-09,Toyota,Corolla Altis,2288
2026-10,Toyota,Corolla Altis,2441
2026-11,Toyota,Corolla Altis,3175
2026-12,Toyota,Corolla Altis,2467
2026-01,Toyota,Camry,984
2026-02,Toyota,Camry,968
2026-03,Toyota,Camry,1037
2026-04,Toyota,Camry,861
2026-05,Toyota,Camry,934
2026-06,Toyota,Camry,1592
2026-07,Toyota,Camry,1157
2026-08,Toyota,Camry,1485
2026-09,Toyota,Camry,1269
2026-10,Toyota,Camry,2267
2026-11,Toyota,Camry,1663
2026-12,Toyota,Camry,1607
2026-01,Toyota,Corolla Cross,3196
2026-02,Toyota,Corolla Cross,2119
2026-03,Toyota,Corolla Cross,2465
2026-04,Toyota,Corolla Cross,2082
2026-05,Toyota,Corolla Cross,4789
2026-06,Toyota,Corolla Cross,3354
2026-07,Toyota,Corolla Cross,3282
2026-08,Toyota,Corolla Cross,3551
2026-09,Toyota,Corolla Cross,2014
2026-10,Toyota,Corolla Cross,2676
2026-11,Toyota,Corolla Cross,1679
2026-12,Toyota,Corolla Cross,2142
2026-01,Toyota,Yaris Cross,2969
2026-02,Toyota,Yaris Cross,5158
2026-03,Toyota,Yaris Cross,3976
2026-04,Toyota,Yaris Cross,4611
2026-05,Toyota,Yaris Cross,3383
2026-06,Toyota,Yaris Cross,3734
2026-07,Toyota,Yaris Cross,2838
2026-08,Toyota,Yaris Cross,2923
2026-09,Toyota,Yaris Cross,3291
2026-10,Toyota,Yaris Cross,2584
2026-11,Toyota,Yaris Cross,1925
2026-12,Toyota,Yaris Cross,2228
2026-01,Toyota,Fortuner,1681
2026-02,Toyota,Fortuner,716
2026-03,Toyota,Fortuner,1459
2026-04,Toyota,Fortuner,696
2026-05,Toyota,Fortuner,1375
2026-06,Toyota,Fortuner,1139
2026-07,Toyota,Fortuner,1399
2026-08,Toyota,Fortuner,1761
2026-09,Toyota,Fortuner,1254
2026-10,Toyota,Fortuner,1174
2026-11,Toyota,Fortuner,1844
2026-12,Toyota,Fortuner,1302
2026-01,Toyota,Hilux Revo,4258
2026-02,Toyota,Hilux Revo Double Cab,3008
2026-03,Toyota,Hilux Revo Double Cab,3400
2026-04,Toyota,Hilux Revo,2642
2026-05,Toyota,Hilux Revo Double Cab,3807
2026-06,Toyota,Hilux Revo Double Cab,3075
2026-07,Toyota,Hilux Revo,3438
2026-08,Toyota,Hilux Revo,3039
2026-09,Toyota,Hilux Revo,2511
2026-10,Toyota,Hilux Revo Double Cab,4642
2026-11,Toyota,Hilux Revo Double Cab,3997
2026-12,Toyota,Hilux Revo,5040
2026-01,Toyota,Innova Zenix,1033
2026-02,Toyota,Innova Zenix,1222
2026-03,Toyota,Innova Zenix,1393
2026-04,Toyota,Innova Zenix,1321
2026-05,Toyota,Innova Zenix,1310
2026-06,Toyota,Innova Zenix,677
2026-07,Toyota,Innova Zenix,1623
2026-08,Toyota,Innova Zenix,1031
2026-09,Toyota,Innova Zenix,994
2026-10,Toyota,Innova Zenix,678
2026-11,Toyota,Innova Zenix,857
2026-12,Toyota,Innova Zenix,638
2026-01,Toyota,Veloz,1913
2026-02,Toyota,Veloz,2691
2026-03,Toyota,Veloz,2624
2026-04,Toyota,Veloz,4148
2026-05,Toyota,Veloz,4641
2026-06,Toyota,Veloz,4432
2026-07,Toyota,Veloz,5121
2026-08,Toyota,Veloz,4047
2026-09,Toyota,Veloz,1620
2026-10,Toyota,Veloz,4216
2026-11,Toyota,Veloz,3955
2026-12,Toyota,Veloz,3812
2026-01,Toyota,Alphard,3
2026-02,Toyota,Alphard,3
2026-03,Toyota,Alphard,1
2026-04,Toyota,Alphard,3
2026-05,Toyota,Alphard,4
2026-06,Toyota,Alphard,3
2026-07,Toyota,Alphard,4
2026-08,Toyota,Alphard,5
2026-09,Toyota,Alphard,4
2026-10,Toyota,Alphard,7
2026-11,Toyota,Alphard,6
2026-12,Toyota,Alphard,3
2026-01,Toyota,bZ4X,2003
2026-02,Toyota,bZ4X,2639
2026-03,Toyota,bZ4X,1573
2026-04,Toyota,bZ4X,2018
2026-05,Toyota,bZ4X,2451
2026-06,Toyota,bZ4X,4246
2026-07,Toyota,bZ4X,3552
2026-08,Toyota,bZ4X,3822
2026-09,Toyota,bZ4X,2787
2026-10,Toyota,bZ4X,1667
2026-11,Toyota,bZ4X,4438
2026-12,Toyota,bZ4X,4051
2026-01,Toyota,Land Cruiser 300,3
2026-02,Toyota,Land Cruiser 300,4
2026-03,Toyota,Land Cruiser 300,3
2026-04,Toyota,Land Cruiser 300,3
2026-05,Toyota,Land Cruiser 300,3
2026-06,Toyota,Land Cruiser 300,5
2026-07,Toyota,Land Cruiser 300,5
2026-08,Toyota,Land Cruiser 300,2
2026-09,Toyota,Land Cruiser 300,2
2026-10,Toyota,Land Cruiser 300,5
2026-11,Toyota,Land Cruiser 300,5
2026-12,Toyota,Land Cruiser 300,4
2026-01,Volvo,XC40,157
2026-02,Volvo,XC40,183
2026-03,Volvo,XC40,315
2026-04,Volvo,XC40,258
2026-05,Volvo,XC40,217
2026-06,Volvo,XC40,255
2026-07,Volvo,XC40,200
2026-08,Volvo,XC40,226
2026-09,Volvo,XC40,320
2026-10,Volvo,XC40,356
2026-11,Volvo,XC40,294
2026-12,Volvo,XC40,156
2026-01,Volvo,XC60,104
2026-02,Volvo,XC60,90
2026-03,Volvo,XC60,86
2026-04,Volvo,XC60,76
2026-05,Volvo,XC60,77
2026-06,Volvo,XC60,91
2026-07,Volvo,XC60,100
2026-08,Volvo,XC60,66
2026-09,Volvo,XC60,126
2026-10,Volvo,XC60,79
2026-11,Volvo,XC60,94
2026-12,Volvo,XC60,100
2026-01,Volvo,XC90,38
2026-02,Volvo,XC90,23
2026-03,Volvo,XC90,24
2026-04,Volvo,XC90,19
2026-05,Volvo,XC90,26
2026-06,Volvo,XC90,18
2026-07,Volvo,XC90,29
2026-08,Volvo,XC90,27
2026-09,Volvo,XC90,28
2026-10,Volvo,XC90,36
2026-11,Volvo,XC90,26
2026-12,Volvo,XC90,27
2026-01,Volvo,EX30,445
2026-02,Volvo,EX30,401
2026-03,Volvo,EX30,393
2026-04,Volvo,EX30,398
2026-05,Volvo,EX30,323
2026-06,Volvo,EX30,481
2026-07,Volvo,EX30,456
2026-08,Volvo,EX30,604
2026-09,Volvo,EX30,422
2026-10,Volvo,EX30,601
2026-11,Volvo,EX30,469
2026-12,Volvo,EX30,413
2026-01,XPeng,XPeng G6,65
2026-02,XPeng,XPeng G6,123
2026-03,XPeng,XPeng G6,112
2026-04,XPeng,XPeng G6,90
2026-05,XPeng,XPeng G6,83
2026-06,XPeng,XPeng G6,81
2026-07,XPeng,XPeng G6,93
2026-08,XPeng,XPeng G6,90
2026-09,XPeng,XPeng G6,70
2026-10,XPeng,XPeng G6,53
2026-11,XPeng,XPeng G6,84
2026-12,XPeng,XPeng G6,41
2026-01,Zeekr,Zeekr X,260
2026-02,Zeekr,Zeekr X,237
2026-03,Zeekr,Zeekr X,452
2026-04,Zeekr,Zeekr X,377
2026-05,Zeekr,Zeekr X,394
2026-06,Zeekr,Zeekr X,393
2026-07,Zeekr,Zeekr X,329
2026-08,Zeekr,Zeekr X,341
2026-09,Zeekr,Zeekr X,343
2026-10,Zeekr,Zeekr X,366
2026-11,Zeekr,Zeekr X,489
2026-12,Zeekr,Zeekr X,479
2026-01,DEEPAL,S05,118
2026-04,DEEPAL,S05,135
2026-07,DEEPAL,S05,20
2026-10,DEEPAL,S05,212
2026-01,WULING,BINGO EV,59
2026-04,WULING,BINGO EV,118
2026-07,WULING,BINGO EV,244
2026-10,WULING,BINGO EV,29
2026-01,JETOUR,DASHING,143
2026-04,JETOUR,DASHING,207
2026-07,JETOUR,DASHING,237
2026-10,JETOUR,DASHING,126
2026-01,FOTON,TUNLAND G7,260
2026-04,FOTON,TUNLAND G7,260
2026-07,FOTON,TUNLAND G7,164
2026-10,FOTON,TUNLAND G7,92
2026-01,,รถยนต์นั่งอื่น ๆ,29
2026-04,,รถยนต์นั่งอื่น ๆ,214
2026-07,,รถยนต์นั่งอื่น ๆ,81
2026-10,,รถยนต์นั่งอื่น ๆ,106
